{"cameraMode":{"drawMode":0,"name":"Shaded","section":"Shading Mode"},"sceneLighting":true,"audioPlay":false,"sceneViewState":{"showFog":true,"showMaterialUpdate":false,"showSkybox":true,"showFlares":true,"showImageEffects":true,"showParticleSystems":true},"in2DMode":false,"pivot":{"x":-4.255378723144531,"y":-4.38711404800415,"z":4.2600016593933109},"rotation":{"x":-0.28214603662490847,"y":0.3767918348312378,"z":-0.12165721505880356,"w":-0.8738542199134827},"size":8.555136680603028,"orthographic":false}